"Reference","Qty","Value","DNP","Exclude from BOM","Exclude from Board","Exclude from Simulation","Exclude from Position Files","Footprint","Datasheet","Manufacturer_Part_Number"
"C1","1","1uF","","","","","${EXCLUDE_FROM_POS_FILES}","Capacitor_SMD:C_0402_1005Metric","",""
"C2","1","0.01uF","","","","","${EXCLUDE_FROM_POS_FILES}","Capacitor_SMD:C_0402_1005Metric","",""
"C3","1","10uF","","","","","${EXCLUDE_FROM_POS_FILES}","Capacitor_SMD:C_0402_1005Metric","",""
"C4,C5,C6,C7","4","100nF","","","","","${EXCLUDE_FROM_POS_FILES}","Capacitor_SMD:C_0402_1005Metric","",""
"IC1","1","AT89LS51-16AU","","","","","${EXCLUDE_FROM_POS_FILES}","Samacsys:QFP80P1200X1200X120-44N","https://ww1.microchip.com/downloads/en/DeviceDoc/doc3053.pdf","AT89LS51-16AU"
"J1","1","1366004","","","","","${EXCLUDE_FROM_POS_FILES}","Samacsys:1366004","https://www.phoenixcontact.com/en-us/products/pcb-terminal-block-spta-thr-25-2-50-p26-1366004?type=pdf","1366004"
"J2","1","68000-106HLF","","","","","${EXCLUDE_FROM_POS_FILES}","Samacsys:HDRV6W64P0X254_1X6_1524X254X839P","https://cdn.amphenol-cs.com/media/wysiwyg/files/drawing/68000.pdf","68000-106HLF"
"PS1","1","TAR5SB30_TE85L,F_","","","","","${EXCLUDE_FROM_POS_FILES}","Samacsys:SOT95P275X140-5N","https://toshiba.semicon-storage.com/info/docget.jsp?did=18320&prodName=TAR5SB30","TAR5SB30(TE85L,F)"
"R1,R2,R3","3","10k","","","","","${EXCLUDE_FROM_POS_FILES}","Resistor_SMD:R_0402_1005Metric_Pad0.72x0.64mm_HandSolder","",""
